{"GFLOPs": 0.0, "graph": {"_type": "graph-file", "sha256": "bafc0b1af6e99409377a64c310b50728f42c8b1174d884645429aadc2dbf672b", "size": 2562, "path": "media/graph/graph_summary_bafc0b1af6e99409377a.graph.json"}, "epoch": 4, "_timestamp": 1665516279.5136, "loss": 0.3587232828140259, "mean_squared_error": 0.3587232828140259, "val_loss": 0.8664746880531311, "val_mean_squared_error": 0.8664746880531311, "_runtime": 38.71995401382446, "_step": 9, "best_val_loss": 0.7272899150848389, "best_epoch": 1, "_wandb": {"runtime": 41}}